OBJECTID,Name,MinPS,MaxPS,LowPS,HighPS,Category,Tag,GroupName,ProductName,CenterX,CenterY,ZOrder,Shape_Length,Shape_Area
1,Regional_Landcover_Vulnerability_2050,0,96000,300.0,9600.0,1,Dataset,,Regional,150.0,150.0,2.0,92709600.0,510071731470000.0
2,Global_Landcover_Vulnerability_2050,0,96000,300.0,9600.0,1,Dataset,,Global,150.0,150.0,3.0,92709600.0,510071731470000.0
3,Country_Landcover_Vulnerability_2050,0,96000,300.0,9600.0,1,Dataset,,Country,150.0,150.0,1.0,92709600.0,510071731470000.0
4,Ov_i02_L01_R00000000_C00000000.tif,96000,4800000,95894.69532741574,95894.69532741574,2,Dataset,,,14.908449999988079,8817.644899999723,,92673659.63379996,509564464872988.8
